SALE TYPE,SOLD DATE,PROPERTY TYPE,ADDRESS,CITY,STATE OR PROVINCE,ZIP OR POSTAL CODE,PRICE,BEDS,BATHS,LOCATION,SQUARE FEET,LOT SIZE,YEAR BUILT,DAYS ON MARKET,$/SQUARE FEET,HOA/MONTH,STATUS,NEXT OPEN HOUSE START TIME,NEXT OPEN HOUSE END TIME,URL (SEE https://www.redfin.com/buy-a-home/comparative-market-analysis FOR INFO ON PRICING),SOURCE,MLS#,FAVORITE,INTERESTED,LATITUDE,LONGITUDE
"In accordance with local MLS rules, some MLS listings are not included in the download"
MLS Listing,,Single Family Residential,278 Mccarty Ave,Albany,NY,12209,155000,3,1.0,Albany,1092,3484,1934,1,142,,Active,,,https://www.redfin.com/NY/Albany/278-McCarty-Ave-12209/home/97926643,Global MLS,202424975,N,Y,42.6357562,-73.7780266
MLS Listing,,Multi-Family (5+ Unit),372 Madison Ave,Albany,NY,12210,185000,8,5.0,Albany,4347,1306,1820,1,43,,Active,,,https://www.redfin.com/NY/Albany/372-Madison-Ave-12210/home/106372837,Global MLS,202424965,N,Y,42.6510295,-73.7655988
MLS Listing,,Condo/Co-op,805 Greenwich Dr,Albany,NY,12203,187000,2,1.0,Albany,1051,,1989,1,178,300,Active,,,https://www.redfin.com/NY/Albany/805-Greenwich-Dr-12203/home/106351913,Global MLS,202424952,N,Y,42.698361,-73.859993
MLS Listing,,Single Family Residential,12 Monroe Ave,Albany,NY,12203,375000,3,1.5,Albany,1239,19166,1936,1,303,,Active,September-8-2024 01:00 PM,September-8-2024 03:00 PM,https://www.redfin.com/NY/Albany/12-Monroe-Ave-12203/home/171050084,Global MLS,202424945,N,Y,42.6679497,-73.8294957
MLS Listing,,Multi-Family (2-4 Unit),107 Hollywood Ave,Albany,NY,12208,375000,4,2.0,Albany,1986,5662,1933,1,189,,Active,,,https://www.redfin.com/NY/Albany/107-Hollywood-Ave-12208/home/98012273,Global MLS,202424936,N,Y,42.6508087,-73.7964371
MLS Listing,,Single Family Residential,392 Greenway,Albany,NY,12208,379900,4,2.5,Albany,2566,10018,1958,1,148,,Active,,,https://www.redfin.com/NY/Albany/392-Greenway-12208/home/106374223,Global MLS,202424934,N,Y,42.6640207,-73.814419
MLS Listing,,Single Family Residential,47 Manning Blvd,Albany,NY,12203,499900,5,3.5,Albany,2799,11325,1904,1,179,,Active,,,https://www.redfin.com/NY/Albany/47-Manning-Blvd-12203/home/97929211,Global MLS,202424930,N,Y,42.6689712,-73.7938977
MLS Listing,,Single Family Residential,179 Russell Rd,Albany,NY,12203,299000,3,1.5,Albany,1197,5227,1978,1,250,,Active,September-8-2024 11:00 AM,September-8-2024 01:00 PM,https://www.redfin.com/NY/Albany/179-Russell-Blessing-Rd-12203/home/106376888,Global MLS,202424925,N,Y,42.669334,-73.82559
MLS Listing,,Single Family Residential,37 Winnie St,Albany,NY,12208,259900,3,2.0,Albany,1356,6098,1965,1,192,,Active,,,https://www.redfin.com/NY/Albany/37-Winnie-St-12208/home/106355536,Global MLS,202424918,N,Y,42.6600746,-73.7997
MLS Listing,,Single Family Residential,40 Newton St,Colonie,NY,12205,220000,4,1.0,Colonie,832,6098,1941,1,264,,Active,,,https://www.redfin.com/NY/Albany/40-Newton-St-12205/home/72467948,Global MLS,202424916,N,Y,42.688754,-73.7968894
MLS Listing,,Single Family Residential,33 Cherry St,Albany,NY,12205,369990,3,2.0,Albany,1550,5662,1955,1,239,,Active,,,https://www.redfin.com/NY/Albany/33-Cherry-St-12205/home/72447027,Global MLS,202424907,N,Y,42.6989936,-73.8175158
MLS Listing,,Single Family Residential,23 Golder St,Albany,NY,12209,320000,3,1.0,Albany,1056,8276,1987,2,303,,Active,,,https://www.redfin.com/NY/Albany/23-Golder-St-12209/home/97969574,Global MLS,202424888,N,Y,42.6359095,-73.7964183
MLS Listing,,Multi-Family (2-4 Unit),23 Beach Ave,Albany,NY,12203,360000,5,3.0,Albany,2080,6534,1965,2,173,,Active,,,https://www.redfin.com/NY/Albany/23-Beach-Ave-12203/home/102014413,Global MLS,202424887,N,Y,42.6684493,-73.8221753
MLS Listing,,Single Family Residential,69 Frederick Ave,Albany,NY,12205,309500,3,2.5,Albany,1247,4791,1950,2,248,,Active,September-8-2024 12:00 PM,September-8-2024 02:00 PM,https://www.redfin.com/NY/Albany/69-Frederick-Ave-12205/home/72457558,Global MLS,202424868,N,Y,42.6998738,-73.8035258
MLS Listing,,Single Family Residential,113 Orlando Ave,Albany,NY,12203,369900,3,1.5,Albany,1424,7405,1957,2,260,,Active,,,https://www.redfin.com/NY/Albany/113-Orlando-Ave-12203/home/106367508,Global MLS,202424847,N,Y,42.6672624,-73.8159175
MLS Listing,,Single Family Residential,5 Roe Ave,Albany,NY,12205,239900,2,1.0,Albany,870,10454,1946,2,276,,Active,,,https://www.redfin.com/NY/Albany/5-Roe-Ave-12205/home/72447499,Global MLS,202424843,N,Y,42.7007261,-73.8002272
MLS Listing,,Multi-Family (2-4 Unit),314 Ontario St,Albany,NY,12208,199000,6,2.0,Albany,2120,2178,1907,2,94,,Active,,,https://www.redfin.com/NY/Albany/314-Ontario-St-12208/home/98008026,Global MLS,202424837,N,Y,42.6595381,-73.7828793
MLS Listing,,Single Family Residential,73 Pleasantview Ave,Albany,NY,12203,269900,3,2.0,Albany,1138,3049,1940,2,237,,Active,September-8-2024 11:00 AM,September-8-2024 02:00 PM,https://www.redfin.com/NY/Albany/73-Pleasantview-Ave-12203/home/97943480,Global MLS,202424826,N,Y,42.6738817,-73.8245318
MLS Listing,,Single Family Residential,55 Terrace Ave,Albany,NY,12203,345000,4,1.5,Melrose,1716,6534,1927,2,201,,Active,,,https://www.redfin.com/NY/Albany/55-Terrace-Ave-12203/home/102020164,Global MLS,202424824,N,Y,42.6706905,-73.797632
MLS Listing,,Multi-Family (2-4 Unit),830 Madison Ave,Albany,NY,12208,259900,6,2.0,Albany,2360,2613,1910,2,110,,Active,,,https://www.redfin.com/NY/Albany/830-Madison-Ave-12208/home/98008739,Global MLS,202424823,N,Y,42.6600957,-73.7816499
MLS Listing,,Single Family Residential,66 Fairfield Ave,Albany,NY,12205,299900,3,1.5,Albany,1092,9147,1963,2,275,,Active,September-8-2024 01:00 PM,September-8-2024 03:00 PM,https://www.redfin.com/NY/Albany/66-Fairfield-Ave-12205/home/72458378,Global MLS,202424803,N,Y,42.6902219,-73.7948652
MLS Listing,,Single Family Residential,7 Caldwell St,Albany,NY,12208,254900,2,1.5,Albany,1284,5662,1918,2,199,,Active,,,https://www.redfin.com/NY/Albany/7-Caldwell-St-12208/home/97998962,Global MLS,202424794,N,Y,42.6615486,-73.8003304
MLS Listing,,Single Family Residential,41 Van Buren St,Albany,NY,12206,329500,3,2.0,Albany,1659,5227,1940,2,199,,Active,September-8-2024 11:00 AM,September-8-2024 01:00 PM,https://www.redfin.com/NY/Albany/41-Van-Buren-St-12206/home/102016560,Global MLS,202424788,N,Y,42.6774445,-73.7913513
MLS Listing,,Single Family Residential,52 Brickley Dr,Albany,NY,12205,319900,3,1.0,Albany,1124,12196,1970,2,285,,Active,,,https://www.redfin.com/NY/Albany/52-Brickley-Dr-12205/home/106349292,Global MLS,202424787,N,Y,42.6984056,-73.8008607
MLS Listing,,Townhouse,98 Mount Hope Dr,Albany,NY,12202,89900,3,1.5,Albany,1200,3920,1960,3,75,,Active,,,https://www.redfin.com/NY/Albany/98-Mount-Hope-Dr-12202/home/97910337,Global MLS,202424771,N,Y,42.6320623,-73.7673278
MLS Listing,,Single Family Residential,93 Hollywood Ave,Albany,NY,12208,234900,3,3.0,Albany,1364,5662,1927,3,172,,Active,,,https://www.redfin.com/NY/Albany/93-Hollywood-Ave-12208/home/97907579,Global MLS,202424738,N,Y,42.651245,-73.7962639
MLS Listing,,Multi-Family (5+ Unit),572-574 Madison Avenue Ave,Albany,NY,12208,1375000,13,12.0,Albany,,3484,1930,3,,,Active,,,https://www.redfin.com/NY/Albany/572-Madison-Ave-12208/home/98033155,Global MLS,202424730,N,Y,42.6550979,-73.7728028
MLS Listing,,Single Family Residential,63 Holmes Ct,Albany,NY,12209,169900,4,2.0,Albany,1768,5227,1930,3,96,,Active,,,https://www.redfin.com/NY/Albany/63-Holmes-Ct-12209/home/106367786,Global MLS,202424711,N,Y,42.6395352,-73.7933558
MLS Listing,,Single Family Residential,69 Miracle Ln,Loudonville,NY,12211,349900,4,1.0,Loudonville,1258,10890,1954,3,278,,Active,,,https://www.redfin.com/NY/Albany/69-Miracle-Ln-12211/home/102018523,Global MLS,202424704,N,Y,42.7056333,-73.7922526
MLS Listing,,Single Family Residential,6 Osborne Rd,Colonie,NY,12205,160000,4,1.5,Colonie,1355,6098,1918,3,118,,Active,,,https://www.redfin.com/NY/Albany/6-Osborne-Rd-12205/home/72467897,Global MLS,202424706,N,Y,42.6905302,-73.8008374
MLS Listing,,Multi-Family (5+ Unit),65 E Highland Dr,Albany,NY,12203,949000,10,7.0,Albany,,34412,1968,4,,,Active,,,https://www.redfin.com/NY/Albany/65-E-Highland-Dr-12203/home/102013355,Global MLS,202424689,N,Y,42.6812885,-73.8421469
MLS Listing,,Single Family Residential,305 Mccormack Rd,Albany,NY,12208,150000,3,1.0,Albany,1302,17859,1850,4,115,,Active,,,https://www.redfin.com/NY/Albany/305-McCormack-Rd-12208/home/106375004,Global MLS,202424669,N,Y,42.6435186,-73.8388049
MLS Listing,,Multi-Family (2-4 Unit),365 Partridge St,Albany,NY,12208,269000,2,2.0,Albany,,3484,1910,4,,,Active,,,https://www.redfin.com/NY/Albany/365-Partridge-St-12208/home/106387016,Global MLS,202424663,N,Y,42.6584415,-73.7874778
MLS Listing,,Single Family Residential,42 Marriner Ave,Colonie,NY,12205,399900,4,2.0,Colonie,1998,9147,1964,4,200,,Active,September-8-2024 02:00 PM,September-8-2024 04:00 PM,https://www.redfin.com/NY/Albany/42-Marriner-Ave-12205/home/72456973,Global MLS,202424647,N,Y,42.7009396,-73.8048284
MLS Listing,,Single Family Residential,47 Euclid Ave,Albany,NY,12203,350000,4,2.5,Albany,2088,5662,1925,4,168,,Active,September-8-2024 11:00 AM,September-8-2024 01:00 PM,https://www.redfin.com/NY/Albany/47-Euclid-Ave-12203/home/102015404,Global MLS,202424636,N,Y,42.6674302,-73.8006827
MLS Listing,,Single Family Residential,3 Margaret Dr,Loudonville,NY,12211,374800,3,1.0,Loudonville,1480,11325,1965,4,253,,Active,,,https://www.redfin.com/NY/Albany/3-Margaret-Dr-12211/home/72436960,Global MLS,202424631,N,Y,42.7228619,-73.7897206
MLS Listing,,Multi-Family (2-4 Unit),606 Morris St,Albany,NY,12208,350000,8,2.0,Albany,2540,3484,1921,4,138,,Active,,,https://www.redfin.com/NY/Albany/606-Morris-St-12208/home/106375445,Global MLS,202424629,N,Y,42.662139,-73.7881566
MLS Listing,,Single Family Residential,153 Berkshire Blvd,Albany,NY,12203,320000,3,1.5,Albany,1176,8712,1960,4,272,,Active,,,https://www.redfin.com/NY/Albany/153-Berkshire-Blvd-12203/home/102018363,Global MLS,202424628,N,Y,42.6694895,-73.8156638
MLS Listing,,Single Family Residential,4183 Albany St,Albany,NY,12205,274900,3,2.0,Albany,1557,78408,1930,5,177,,Active,,,https://www.redfin.com/NY/Albany/4183-Albany-St-12205/home/72466221,Global MLS,202424604,N,Y,42.7379658,-73.866477
MLS Listing,,Single Family Residential,8 Regent St,Albany,NY,12202,135000,3,2.0,Albany,1480,2178,1920,7,91,,Active,,,https://www.redfin.com/NY/Albany/8-Regent-St-12202/home/106388044,Global MLS,202424579,N,Y,42.6387551,-73.7700744
MLS Listing,,Single Family Residential,250A Sand Creek Road Rd,Albany,NY,12205,340000,4,1.5,Albany,1400,22651,1965,7,243,,Active,,,https://www.redfin.com/NY/Albany/250A-Sand-Creek-Rd-12205/home/97940895,Global MLS,202424566,N,Y,42.7000298,-73.7947885
MLS Listing,,Multi-Family (2-4 Unit),284 Morton Ave,Albany,NY,12209,89900,6,2.0,Albany,2444,2613,1910,8,37,,Active,,,https://www.redfin.com/NY/Albany/284-Morton-Ave-12209/home/106367487,Global MLS,202424555,N,Y,42.6451559,-73.7709076
MLS Listing,,Single Family Residential,6 Garden Ave,Albany,NY,12203,219000,3,2.5,Albany,1959,5662,1950,8,112,,Active,,,https://www.redfin.com/NY/Albany/6-Garden-Ave-12203/home/106368023,Global MLS,202424543,N,Y,42.6727815,-73.8264784
MLS Listing,,Single Family Residential,7 N Reineman St,Albany,NY,12203,229000,3,1.0,Albany,1224,7405,1940,8,187,,Active,,,https://www.redfin.com/NY/Albany/7-Reinemann-St-12203/home/106371243,Global MLS,202424541,N,Y,42.6693311,-73.8482698
MLS Listing,,Single Family Residential,120 Spring St,Albany,NY,12203,159500,2,1.0,Albany,800,2178,1903,8,199,,Active,,,https://www.redfin.com/NY/Albany/120-Spring-St-12203/home/102013757,Global MLS,202424530,N,Y,42.6625688,-73.7749396
MLS Listing,,Single Family Residential,21 Madison Ave,Albany,NY,12205,249000,4,2.0,Albany,1482,435,1946,8,168,,Active,,,https://www.redfin.com/NY/Albany/21-Madison-Ave-12205/home/162855817,Global MLS,202424500,N,Y,42.700889,-73.8167173
MLS Listing,,Single Family Residential,7 Joy Dr,Albany,NY,12211,459000,4,2.0,Albany,2408,14374,1965,8,191,,Active,,,https://www.redfin.com/NY/Albany/7-Joy-Dr-12211/home/72438031,Global MLS,202424482,N,Y,42.7150873,-73.7768277
MLS Listing,,Single Family Residential,375 Mccormack Rd,Albany,NY,12208,499900,5,4.0,Albany,2228,13503,1978,8,224,,Active,,,https://www.redfin.com/NY/Albany/375-McCormack-Rd-12208/home/97970800,Global MLS,202424479,N,Y,42.6470844,-73.8364436
MLS Listing,,Multi-Family (2-4 Unit),15 N Lake Ave,Albany,NY,12203,299000,8,4.0,Albany,,3049,1900,8,,,Active,,,https://www.redfin.com/NY/Albany/15-N-Lake-Ave-12203/home/106351459,Global MLS,202424477,N,Y,42.6615081,-73.7739444
MLS Listing,,Single Family Residential,23 Crosby St,Colonie,NY,12205,149900,3,1.0,Colonie,700,5662,1950,9,214,,Active,,,https://www.redfin.com/NY/Albany/23-Crosby-St-12205/home/72456416,Global MLS,202424463,N,Y,42.7375711,-73.847898
MLS Listing,,Single Family Residential,97 Tampa Ave,Albany,NY,12203,700000,4,2.5,Albany,2204,6098,2024,9,318,,Active,September-8-2024 11:00 AM,September-8-2024 01:00 PM,https://www.redfin.com/NY/Albany/97-Tampa-Ave-12203/home/98016645,Global MLS,202424457,N,Y,42.6676928,-73.8111716
MLS Listing,,Single Family Residential,101 Tampa Ave,Albany,NY,12203,700000,4,2.5,Albany,2204,6098,2024,9,318,,Active,September-8-2024 11:00 AM,September-8-2024 01:00 PM,https://www.redfin.com/NY/Albany/101-Tampa-Ave-12203/home/98016646,Global MLS,202424456,N,Y,42.667473,-73.811393
MLS Listing,,Single Family Residential,25 N Main Ave,Albany,NY,12203,230000,4,1.5,Albany,2400,5227,1900,10,96,,Active,,,https://www.redfin.com/NY/Albany/25-N-Main-Ave-12203/home/169101263,Global MLS,202424337,N,Y,42.6660557,-73.787751
MLS Listing,,Multi-Family (2-4 Unit),1 Walter St,Albany,NY,12204,378500,7,2.0,Albany,2792,2613,1890,11,136,,Active,,,https://www.redfin.com/NY/Albany/1-Walter-St-12204/home/106367674,Global MLS,202424315,N,Y,42.6707862,-73.7402698
MLS Listing,,Multi-Family (2-4 Unit),59 N Allen St,Albany,NY,12203,350000,7,2.0,Albany,2260,2178,1904,11,155,,Active,,,https://www.redfin.com/NY/Albany/59-N-Allen-St-12203/home/98006635,Global MLS,202424304,N,Y,42.6681022,-73.790049
MLS Listing,,Multi-Family (2-4 Unit),455 Bradford St,Albany,NY,12206,235000,4,2.0,Albany,1800,1742,1925,11,131,,Active,,,https://www.redfin.com/NY/Albany/455-Bradford-St-12206/home/106372678,Global MLS,202424303,N,Y,42.6732754,-73.7840018
MLS Listing,,Multi-Family (2-4 Unit),5 Walter St,Albany,NY,12204,359900,6,2.0,Albany,2372,3049,1929,11,152,,Active,,,https://www.redfin.com/NY/Albany/5-Walter-St-12204/home/192251415,Global MLS,202424279,N,Y,42.6709269,-73.7401904
MLS Listing,,Multi-Family (5+ Unit),484 Yates St,Albany,NY,12208,499000,13,6.0,Albany,3392,3484,1900,12,147,,Active,,,https://www.redfin.com/NY/Albany/484-Yates-St-12208/home/192245261,Global MLS,202424248,N,Y,42.6597989,-73.7824056
MLS Listing,,Multi-Family (2-4 Unit),103 Southern Blvd,Albany,NY,12209,249000,6,2.0,Albany,,3920,1910,12,,,Active,,,https://www.redfin.com/NY/Albany/103-Southern-Blvd-12209/home/98006523,Global MLS,202424255,N,Y,42.6368827,-73.7827771
MLS Listing,,Multi-Family (2-4 Unit),252 Morton Ave,Albany,NY,12202,319000,6,4.0,Albany,2152,3049,1890,12,148,,Active,,,https://www.redfin.com/NY/Albany/252-Morton-Ave-12202/home/98014585,Global MLS,202424251,N,Y,42.6447566,-73.7693451
MLS Listing,,Multi-Family (2-4 Unit),7 Wilbur St,Albany,NY,12202,319000,6,2.0,Albany,4160,2613,1870,12,77,,Active,,,https://www.redfin.com/NY/Albany/7-Wilbur-St-12202/home/97995410,Global MLS,202424253,N,Y,42.6453155,-73.7580504
MLS Listing,,Single Family Residential,18 Ruth Ter,Albany,NY,12203,339000,3,1.5,Albany,1100,11761,1951,12,308,,Active,September-8-2024 12:30 PM,September-8-2024 02:30 PM,https://www.redfin.com/NY/Albany/18-Ruth-Ter-12203/home/102015076,Global MLS,202424217,N,Y,42.682417,-73.8565253
MLS Listing,,Single Family Residential,33 W Van Vechten St,Albany,NY,12209,299000,5,1.5,Albany,1578,4791,1929,12,189,,Active,,,https://www.redfin.com/NY/Albany/33-W-Van-Vechten-St-12209/home/102014780,Global MLS,202424211,N,Y,42.6405758,-73.7765294
MLS Listing,,Single Family Residential,9 Homestead Ave,Albany,NY,12203,310000,4,1.5,Albany,1460,5227,1917,12,212,,Active,September-8-2024 12:00 PM,September-8-2024 02:00 PM,https://www.redfin.com/NY/Albany/9-Homestead-Ave-12203/home/97944105,Global MLS,202424210,N,Y,42.6693584,-73.7975912
MLS Listing,,Multi-Family (2-4 Unit),62 Thornton St,Albany,NY,12206,250000,7,2.0,Albany,1624,3920,1940,13,154,,Active,,,https://www.redfin.com/NY/Albany/62-Thornton-St-12206/home/106386410,Global MLS,202424201,N,Y,42.6661519,-73.7610754
MLS Listing,,Multi-Family (5+ Unit),552 Madison Ave,Albany,NY,12208,700000,8,5.0,Albany,4608,3484,1875,13,152,,Active,,,https://www.redfin.com/NY/Albany/552-Madison-Ave-12208/home/106379346,Global MLS,202424198,N,Y,42.6546189,-73.7720784
MLS Listing,,Single Family Residential,67 Northgate Dr Dr,Albany,NY,12203,349000,3,1.5,Albany,1302,18295,1959,13,268,,Active,September-7-2024 11:00 AM,September-7-2024 01:00 PM,https://www.redfin.com/NY/Albany/67-Northgate-Dr-12203/home/72449877,Global MLS,202424184,N,Y,42.6985613,-73.8747315
MLS Listing,,Single Family Residential,22 Liebel St,Albany,NY,12202,154900,3,1.0,Albany,1050,13068,1940,14,148,,Active,,,https://www.redfin.com/NY/Albany/22-Liebel-St-12202/home/106353916,Global MLS,202416352,N,Y,42.6380636,-73.7660769
MLS Listing,,Townhouse,57 Oconnell St,Albany,NY,12209,157000,3,2.0,Albany,1600,2613,1901,15,98,,Active,,,https://www.redfin.com/NY/Albany/57-O-Connell-St-12209/home/97922524,Global MLS,202424151,N,Y,42.6412927,-73.774664
MLS Listing,,Multi-Family (2-4 Unit),345 Myrtle Ave,Albany,NY,12208,338000,10,3.0,Albany,2654,3920,1930,15,127,,Active,,,https://www.redfin.com/NY/Albany/345-Myrtle-Ave-12208/home/106357256,Global MLS,202422258,N,Y,42.6528803,-73.7728192
MLS Listing,,Single Family Residential,119 Vaughn Dr,Guilderland,NY,12203,249900,2,1.0,Guilderland,830,7405,1952,15,301,,Active,September-7-2024 12:00 PM,September-7-2024 02:00 PM,https://www.redfin.com/NY/Albany/119-Vaughn-Dr-12203/home/72459864,Global MLS,202424139,N,Y,42.6694909,-73.8440097
MLS Listing,,Single Family Residential,24 Isabel Ct,Colonie,NY,12205,689000,4,2.5,Colonie,2113,19166,,15,326,,Active,,,https://www.redfin.com/NY/Albany/24-Isabel-Ct-12205/home/161885421,Global MLS,202424134,N,Y,42.704746,-73.797586
MLS Listing,,Single Family Residential,4117 Albany St,Albany,NY,12205,295000,3,2.0,Albany,1290,13068,1945,15,229,,Active,,,https://www.redfin.com/NY/Albany/4117-Albany-St-12205/home/106351755,Global MLS,202424087,N,Y,42.7462322,-73.8699433
MLS Listing,,Multi-Family (2-4 Unit),140 Grand St,Albany,NY,12202,299999,6,3.0,Albany,2880,2178,1871,16,104,,Active,,,https://www.redfin.com/NY/Albany/140-Grand-St-12202/home/98010214,Global MLS,202424052,N,Y,42.6439123,-73.7579149
MLS Listing,,Multi-Family (2-4 Unit),81 Lincoln Ave,Albany,NY,12206,230000,3,2.0,Albany,1274,3049,1921,16,181,,Active,,,https://www.redfin.com/NY/Albany/81-Lincoln-Ave-12206/home/97960330,Global MLS,202424032,N,Y,42.6744587,-73.7892484
MLS Listing,,Single Family Residential,104 Osborne Rd,Colonie,NY,12205,299500,4,1.0,Colonie,1387,10454,1950,17,216,,Active,,,https://www.redfin.com/NY/Albany/104-Osborne-Rd-12205/home/72448294,Global MLS,202423952,N,Y,42.6950117,-73.7932251
MLS Listing,,Single Family Residential,55 Marsdale St,Albany,NY,12208,459900,4,2.5,Albany,2592,14810,1965,17,177,,Active,,,https://www.redfin.com/NY/Albany/55-Marsdale-St-12208/home/106378581,Global MLS,202423925,N,Y,42.6563676,-73.8104206
MLS Listing,,Single Family Residential,15 Anthony Ln,Colonie,NY,12205,384900,4,2.0,Colonie,1462,10018,1955,17,263,,Active,,,https://www.redfin.com/NY/Albany/15-Anthony-Ln-12205/home/72467266,Global MLS,202423921,N,Y,42.7063934,-73.7806273
MLS Listing,,Single Family Residential,76 Western Ave,Albany,NY,12203,524900,4,3.5,Washington Park,3180,10018,1880,17,165,,Active,,,https://www.redfin.com/NY/Albany/76-Western-Ave-12203/home/106355554,Global MLS,202423918,N,Y,42.6597658,-73.7715935
MLS Listing,,Single Family Residential,59 Pinewood Ave,Albany,NY,12208,284900,5,1.5,Albany,1392,6098,1934,17,205,,Active,,,https://www.redfin.com/NY/Albany/59-Pinewood-Ave-12208/home/97924552,Global MLS,202423911,N,Y,42.6513167,-73.7946508
MLS Listing,,Single Family Residential,5 Sunset Ave,Albany,NY,12203,340000,5,2.0,Albany,2640,5662,1925,17,129,,Active,September-7-2024 12:00 PM,September-7-2024 02:00 PM,https://www.redfin.com/NY/Albany/5-Sunset-Ave-12203/home/106386317,Global MLS,202423906,N,Y,42.6731499,-73.8154648
MLS Listing,,Multi-Family (2-4 Unit),31 Dana Ave,Albany,NY,12208,296000,6,3.0,Albany,,2178,1890,17,,,Active,,,https://www.redfin.com/NY/Albany/31-Dana-Ave-12208/home/106379547,Global MLS,202420159,N,Y,42.6527686,-73.7695964
MLS Listing,,Single Family Residential,70 Livingston Ave,Albany,NY,12207,345000,4,3.5,Albany,1514,3049,1848,18,228,,Active,September-8-2024 11:00 AM,September-8-2024 01:00 PM,https://www.redfin.com/NY/Albany/70-Livingston-Ave-12207/home/171045449,Global MLS,202423868,N,Y,42.6576843,-73.7486285
MLS Listing,,Single Family Residential,55 Southern Blvd,Albany,NY,12209,200000,3,1.5,Albany,980,4356,1910,18,204,,Active,,,https://www.redfin.com/NY/Albany/55-Southern-Blvd-12209/home/97950238,Global MLS,202423865,N,Y,42.637941,-73.7843386
MLS Listing,,Multi-Family (2-4 Unit),574 Clinton Ave,Albany,NY,12206,200000,4,2.0,Albany,1932,3920,1900,19,104,,Active,,,https://www.redfin.com/NY/Albany/574-Clinton-Ave-12206/home/98010066,Global MLS,202423817,N,Y,42.665751,-73.7702973
MLS Listing,,Multi-Family (2-4 Unit),454 Livingston Ave,Albany,NY,12206,159900,6,2.0,Albany,1976,3484,1932,19,81,,Active,,,https://www.redfin.com/NY/Albany/454-Livingston-Ave-12206/home/106350793,Global MLS,202423802,N,Y,42.667169,-73.7650765
MLS Listing,,Single Family Residential,21 Regent St,Albany,NY,12202,199900,2,1.5,Albany,1120,3484,1920,19,178,,Active,,,https://www.redfin.com/NY/Albany/21-Regent-St-12202/home/106374943,Global MLS,202423770,N,Y,42.6382475,-73.7698911
MLS Listing,,Multi-Family (5+ Unit),500 Park Ave,Albany,NY,12208,849900,11,9.0,Albany,6100,14810,1900,19,139,,Active,,,https://www.redfin.com/NY/Albany/500-Park-Ave-12208/home/106354585,Global MLS,202423749,N,Y,42.6557497,-73.7804155
MLS Listing,,Multi-Family (2-4 Unit),98 Lexington Ave,Albany,NY,12206,149999,4,2.5,Albany,1856,871,1892,19,81,,Active,,,https://www.redfin.com/NY/Albany/98-Lexington-Ave-12206/home/106367928,Global MLS,202423746,N,Y,42.6602391,-73.7667122
MLS Listing,,Single Family Residential,561 1st St,Albany,NY,12206,84900,3,1.0,Albany,1332,7840,1900,19,64,,Active,,,https://www.redfin.com/NY/Albany/561-1st-St-12206/home/97951489,Global MLS,202423744,N,Y,42.6687337,-73.7727564
MLS Listing,,Multi-Family (2-4 Unit),40 Spring St,Albany,NY,12210,239900,3,3.0,Albany,1716,1742,1890,20,140,,Active,,,https://www.redfin.com/NY/Albany/40-Spring-St-12210/home/106378440,Global MLS,202423735,N,Y,42.6558491,-73.7632879
MLS Listing,,Multi-Family (2-4 Unit),57 Dana Ave,Albany,NY,12208,395000,8,2.0,Albany,,1742,1905,22,,,Active,,,https://www.redfin.com/NY/Albany/57-Dana-Ave-12208/home/98012289,Global MLS,202423691,N,Y,42.65345,-73.7707667
MLS Listing,,Vacant Land,L72.141 Consaul Rd,Galway,NY,12086,199900,,,Galway,,863794,,23,,,Active,,,https://www.redfin.com/NY/Galway/L72-141-Consaul-Rd-Unknown/home/192095336,Global MLS,202423592,N,Y,42.744261,-73.848288
MLS Listing,,Single Family Residential,42 Peyster St,Albany,NY,12208,229000,3,1.5,Albany,1911,4356,1920,23,120,,Active,,,https://www.redfin.com/NY/Albany/42-Peyster-St-12208/home/106349686,Global MLS,202423579,N,Y,42.6600972,-73.791742
MLS Listing,,Single Family Residential,5 Grandview Ter,Albany,NY,12202,190000,3,1.5,Albany,1254,2613,1932,23,152,,Active,,,https://www.redfin.com/NY/Albany/5-Grandview-Ter-12202/home/106353726,Global MLS,202423543,N,Y,42.6393758,-73.7673772
MLS Listing,,Single Family Residential,113 Spring St,Albany,NY,12203,236902,3,2.0,Albany,1776,1306,1900,23,133,,Active,,,https://www.redfin.com/NY/Albany/113-Spring-St-12203/home/106377192,Global MLS,202423533,N,Y,42.6625793,-73.7744107
MLS Listing,,Single Family Residential,58 Glenwood St,Albany,NY,12208,275000,3,1.0,Albany,1497,6969,1948,24,184,,Active,,,https://www.redfin.com/NY/Albany/58-Glenwood-St-12208/home/97906204,Global MLS,202423449,N,Y,42.6570097,-73.7905203
MLS Listing,,Multi-Family (2-4 Unit),4 Cuyler St,Albany,NY,12202,159000,3,3.0,Albany,2310,2613,1890,24,69,,Active,,,https://www.redfin.com/NY/Albany/4-Cuyler-St-12202/home/106353728,Global MLS,202423439,N,Y,42.6392966,-73.763139
MLS Listing,,Vacant Land,13 Hopi St,Albany,NY,12208,60000,,,Albany,,60984,,25,,,Active,,,https://www.redfin.com/NY/Albany/13-Hopi-St-12208/home/72471262,Global MLS,202423398,N,Y,42.653953,-73.826686
MLS Listing,,Vacant Land,11 Hopi St,Albany,NY,12208,60000,,,Albany,,43560,,25,,,Active,,,https://www.redfin.com/NY/Albany/11-Hopi-St-12208/home/102013847,Global MLS,202423396,N,Y,42.653631,-73.826303
MLS Listing,,Single Family Residential,345 2nd St,Albany,NY,12206,95000,3,1.5,Albany,1540,3049,1910,25,62,,Active,,,https://www.redfin.com/NY/Albany/345-2nd-St-12206/home/102012332,Global MLS,202423383,N,Y,42.6655427,-73.7654597
MLS Listing,,Single Family Residential,35 Campus View Dr,Loudonville,NY,12211,649000,4,3.5,Loudonville,3000,35719,1961,25,216,,Active,September-8-2024 01:00 PM,September-8-2024 03:00 PM,https://www.redfin.com/NY/Albany/35-Campus-View-Dr-12211/home/72447852,Global MLS,202423378,N,Y,42.7186607,-73.7623086
MLS Listing,,Single Family Residential,8 Harding St,Albany,NY,12208,500000,5,2.5,Albany,2536,9147,1958,25,197,,Active,,,https://www.redfin.com/NY/Albany/8-Harding-St-12208/home/106375359,Global MLS,202423368,N,Y,42.6572277,-73.8118103
MLS Listing,,Multi-Family (2-4 Unit),316 1st St,Albany,NY,12206,225000,4,3.5,Albany,1950,1306,1880,26,115,,Active,,,https://www.redfin.com/NY/Albany/316-1st-St-12206/home/98014641,Global MLS,202423257,N,Y,42.663421,-73.7642006
MLS Listing,,Multi-Family (2-4 Unit),106 Hunter Ave,Albany,NY,12206,229000,6,2.0,Albany,2568,1742,1900,27,89,,Active,,,https://www.redfin.com/NY/Albany/106-Hunter-Ave-12206/home/98006675,Global MLS,202423242,N,Y,42.6750081,-73.782876
MLS Listing,,Single Family Residential,17 Par Cir,Albany,NY,12208,339900,3,1.5,Albany,1056,8712,1978,28,322,,Active,,,https://www.redfin.com/NY/Albany/17-Par-Cir-12208/home/106372081,Global MLS,202423236,N,Y,42.6531714,-73.8226201
MLS Listing,,Single Family Residential,127 Sherman St,Albany,NY,12206,87000,3,1.0,Albany,1064,4791,1920,30,82,,Active,,,https://www.redfin.com/NY/Albany/127-Sherman-St-12206/home/106372859,Global MLS,202423117,N,Y,42.6609324,-73.7666698
MLS Listing,,Single Family Residential,179 Menand Rd,Loudonville,NY,12211,425000,4,2.0,Loudonville,1791,13939,1930,30,237,,Active,,,https://www.redfin.com/NY/Albany/179-Menands-Rd-12211/home/97935480,Global MLS,202423116,N,Y,42.7029196,-73.7474288
MLS Listing,,Multi-Family (2-4 Unit),555 3rd St,Albany,NY,12206,125000,3,2.0,Albany,1809,3484,1904,30,69,,Active,,,https://www.redfin.com/NY/Albany/555-3rd-St-12206/home/106367872,Global MLS,202423082,N,Y,42.6715325,-73.7738383
MLS Listing,,Single Family Residential,10 Stonehenge Dr,Albany,NY,12203,400000,4,2.5,Albany,2480,16988,1965,30,161,,Active,,,https://www.redfin.com/NY/Albany/10-Stonehenge-Dr-12203/home/106376432,Global MLS,202423059,N,Y,42.6656144,-73.8063845
MLS Listing,,Multi-Family (2-4 Unit),166 2nd St,Albany,NY,12210,330000,7,3.0,Albany,2970,3049,1880,31,111,,Active,,,https://www.redfin.com/NY/Albany/166-2nd-St-12210/home/106387127,Global MLS,202423003,N,Y,42.6610885,-73.7583611
MLS Listing,,Single Family Residential,349 Mountain St,Albany,NY,12209,214900,2,1.0,Albany,864,2613,1926,31,249,,Active,September-15-2024 01:00 PM,September-15-2024 03:00 PM,https://www.redfin.com/NY/Albany/349-Mountain-St-12209/home/106378283,Global MLS,202422982,N,Y,42.6360668,-73.7824636
MLS Listing,,Single Family Residential,171 Menand Rd,Loudonville,NY,12211,365000,3,2.0,Loudonville,1668,10018,1949,32,219,,Active,,,https://www.redfin.com/NY/Albany/171-Menands-Rd-12211/home/72467009,Global MLS,202422934,N,Y,42.7023736,-73.7463266
MLS Listing,,Multi-Family (2-4 Unit),79 2nd Ave,Albany,NY,12202,225000,7,2.0,Albany,,2613,1920,32,,,Active,,,https://www.redfin.com/NY/Albany/79-2nd-Ave-12202/home/106352491,Global MLS,202422885,N,Y,42.6387976,-73.7641306
MLS Listing,,Multi-Family (2-4 Unit),10 Hurlbut St,Albany,NY,12209,235000,6,2.0,Albany,,3049,1918,32,,,Active,,,https://www.redfin.com/NY/Albany/10-Hurlbut-St-12209/home/106368997,Global MLS,202422883,N,Y,42.6398416,-73.7779828
MLS Listing,,Single Family Residential,32 Van Schoick Ave,Albany,NY,12208,279000,3,1.0,Albany,1560,5227,1930,32,179,,Active,,,https://www.redfin.com/NY/Albany/32-Van-Schoick-Ave-12208/home/97925861,Global MLS,202422879,N,Y,42.6539481,-73.7980456
MLS Listing,,Single Family Residential,17 Prospect Ter,Albany,NY,12208,310000,3,2.0,Albany,1998,7405,1965,33,155,,Active,,,https://www.redfin.com/NY/Albany/17-Prospect-Ter-12208/home/106386225,Global MLS,202420540,N,Y,42.6494716,-73.7922819
MLS Listing,,Multi-Family (2-4 Unit),273 Livingston Ave,Albany,NY,12210,164999,6,2.0,Albany,2332,4356,1890,33,71,,Active,,,https://www.redfin.com/NY/Albany/273-Livingston-Ave-12210/home/106350286,Global MLS,202422820,N,Y,42.6631879,-73.7573916
MLS Listing,,Townhouse,49.5 Alexander St,Albany,NY,12202,164900,3,1.5,Albany,1344,1306,2012,36,123,,Active,September-8-2024 01:00 PM,September-8-2024 04:00 PM,https://www.redfin.com/NY/Albany/49-Alexander-St-12202/home/106382820,Global MLS,202422752,N,Y,42.6405672,-73.7604955
MLS Listing,,Multi-Family (2-4 Unit),152 Jefferson St,Albany,NY,12210,300000,3,2.5,Center Square,1952,1742,1840,36,154,,Active,,,https://www.redfin.com/NY/Albany/152-Jefferson-St-12210/home/106355587,Global MLS,202422746,N,Y,42.6503071,-73.7653735
MLS Listing,,Single Family Residential,227 Schoolhouse Rd,Albany,NY,12203,360000,3,1.0,Albany,1270,11325,1962,37,283,,Active,,,https://www.redfin.com/NY/Albany/227-Schoolhouse-Rd-12203/home/72459463,Global MLS,202422580,N,Y,42.6698957,-73.8466711
MLS Listing,,Multi-Family (2-4 Unit),41 Fairlawn Ave,Albany,NY,12203,375000,6,2.0,Albany,2704,5227,1935,37,139,,Active,,,https://www.redfin.com/NY/Albany/41-Fairlawn-Ave-12203/home/106373071,Global MLS,202422575,N,Y,42.6710545,-73.7986632
MLS Listing,,Multi-Family (2-4 Unit),11 Trinity Pl,Albany,NY,12202,249000,8,3.0,Albany,3744,2178,1890,37,67,,Active,,,https://www.redfin.com/NY/Albany/11-Trinity-Pl-12202/home/102018030,Global MLS,202422562,N,Y,42.6457088,-73.7561292
MLS Listing,,Multi-Family (5+ Unit),106 & 110 Morris St,Albany,NY,12208,1300000,20,12.0,Albany,7493,7405,1990,37,173,,Active,,,https://www.redfin.com/NY/Albany/106-Morris-St-12208/home/98014716,Global MLS,202422536,N,Y,42.6530501,-73.7723082
MLS Listing,,Single Family Residential,13 Cloverfield Dr,Loudonville,NY,12211,535000,4,2.5,Loudonville,2324,16117,1983,38,230,,Active,,,https://www.redfin.com/NY/Albany/13-Clover-Field-Dr-12211/home/72448669,Global MLS,202422528,N,Y,42.6974038,-73.7627937
MLS Listing,,Multi-Family (5+ Unit),137 Clinton St,Albany,NY,12202,450000,6,6.0,Albany,3264,1742,1910,38,138,,Active,,,https://www.redfin.com/NY/Albany/137-Clinton-St-12202/home/98032396,Global MLS,202422514,N,Y,42.6380028,-73.7609901
MLS Listing,,Multi-Family (2-4 Unit),57 Summit Ave,Albany,NY,12209,334000,6,2.0,Albany,2658,4791,1890,38,126,,Active,,,https://www.redfin.com/NY/Albany/57-Summit-Ave-12209/home/98013581,Global MLS,202422460,N,Y,42.6428073,-73.7815924
MLS Listing,,Multi-Family (2-4 Unit),527 Clinton Ave,Albany,NY,12206,159999,5,2.0,Albany,2048,2613,1875,38,78,,Active,,,https://www.redfin.com/NY/Albany/527-Clinton-Ave-12206/home/101733333,Global MLS,202422444,N,Y,42.6649126,-73.7679671
MLS Listing,,Multi-Family (2-4 Unit),510 Clinton Ave,Albany,NY,12206,159999,5,2.0,Albany,1576,5227,1860,38,102,,Active,,,https://www.redfin.com/NY/Albany/510-Clinton-Ave-12206/home/106357268,Global MLS,202422443,N,Y,42.6643809,-73.7679488
MLS Listing,,Multi-Family (2-4 Unit),257 Elk St,Albany,NY,12206,159999,6,2.0,Albany,1452,2613,1885,38,110,,Active,,,https://www.redfin.com/NY/Albany/257-Elk-St-12206/home/98010792,Global MLS,202422442,N,Y,42.6597843,-73.7645404
MLS Listing,,Multi-Family (5+ Unit),8 Ryckman Ave,Albany,NY,12208,899000,12,6.0,Albany,4136,10018,1945,38,217,,Active,,,https://www.redfin.com/NY/Albany/8-Ryckman-Ave-12208/home/106367471,Global MLS,202421129,N,Y,42.6594101,-73.7909058
MLS Listing,,Single Family Residential,436 Orange St,Albany,NY,12206,110000,3,1.5,Albany,1400,2178,1890,38,79,,Active,,,https://www.redfin.com/NY/Albany/436-Orange-St-12206/home/98005975,Global MLS,202422438,N,Y,42.6626168,-73.7663276
MLS Listing,,Single Family Residential,11 Cuyler St,Albany,NY,12202,99900,3,1.0,Albany,1089,871,1890,39,92,,Active,,,https://www.redfin.com/NY/Albany/11-Cuyler-St-12202/home/106351321,Global MLS,202422425,N,Y,42.6395769,-73.7631368
MLS Listing,,Single Family Residential,13 Laurel Dr,Loudonville,NY,12211,649900,4,5.0,Loudonville,3417,16552,1980,39,190,,Active,September-7-2024 12:00 PM,September-7-2024 02:00 PM,https://www.redfin.com/NY/Albany/13-Laurel-Dr-12211/home/106360908,Global MLS,202422419,N,Y,42.7083952,-73.7611128
MLS Listing,,Vacant Land,1169 Central Ave,Albany,NY,12205,500000,,,Albany,,17424,,39,,,Active,,,https://www.redfin.com/NY/Albany/1169-Central-Ave-12205/home/98010087,Global MLS,202422407,N,Y,42.6932619,-73.8045407
MLS Listing,,Single Family Residential,31 Briar Ave,Albany,NY,12203,420000,5,3.0,Albany,3038,7405,1975,39,138,,Active,,,https://www.redfin.com/NY/Albany/31-Briar-Ave-12203/home/106355493,Global MLS,202422398,N,Y,42.6674582,-73.8209755
MLS Listing,,Single Family Residential,109 Euclid Ave,Albany,NY,12203,399898,3,2.5,Albany,2259,11761,1930,40,177,,Active,,,https://www.redfin.com/NY/Albany/109-Euclid-Ave-12203/home/106349816,Global MLS,202422289,N,Y,42.6650905,-73.8030958
MLS Listing,,Multi-Family (2-4 Unit),42 Ontario St,Albany,NY,12206,295000,6,3.0,Albany,,2178,1890,41,,,Active,,,https://www.redfin.com/NY/Albany/42-Ontario-St-12206/home/106367843,Global MLS,202422278,N,Y,42.6703837,-73.7715914
MLS Listing,,Multi-Family (2-4 Unit),40 Ontario St,Albany,NY,12206,295000,6,3.0,Albany,,2178,1890,41,,,Active,,,https://www.redfin.com/NY/Albany/40-Ontario-St-12206/home/98032507,Global MLS,202422277,N,Y,42.6704339,-73.7715366
MLS Listing,,Vacant Land,2 Diamond Ln,Guilderland,NY,12203,89900,,,Guilderland,,234788,,42,,,Active,,,https://www.redfin.com/NY/STUYVSNT-PLZ/2-Diamond-LN-12203/home/186012012,Global MLS,202422255,N,Y,42.6823182,-73.8477874
MLS Listing,,Multi-Family (5+ Unit),16 Ryckman Ave,Albany,NY,12208,899000,12,6.0,Albany,4136,10018,1945,42,217,,Active,,,https://www.redfin.com/NY/Albany/16-Ryckman-Ave-12208/home/106352922,Global MLS,202421128,N,Y,42.659589,-73.7908106
MLS Listing,,Single Family Residential,16 Prospect Ter,Albany,NY,12208,319900,3,2.0,Albany,1839,9147,1965,43,174,,Active,,,https://www.redfin.com/NY/Albany/16-Prospect-Ter-12208/home/97933498,Global MLS,202419819,N,Y,42.6491136,-73.7918005
MLS Listing,,Townhouse,34 Andriana Ln,Albany,NY,12204,410000,3,2.5,Albany,2281,435,2016,43,180,215,Active,,,https://www.redfin.com/NY/Albany/34-Andriana-Ln-12204/home/104001126,Global MLS,202422174,N,Y,42.6762182,-73.7460628
MLS Listing,,Single Family Residential,22 Edgewood Ave,Albany,NY,12203,339000,3,1.5,Albany,1824,3920,1925,44,186,,Active,,,https://www.redfin.com/NY/Albany/22-Edgewood-Ave-12203/home/106386231,Global MLS,202422156,N,Y,42.6720918,-73.800784
MLS Listing,,Single Family Residential,9 Sterling Rdg,Loudonville,NY,12211,699800,4,2.5,Loudonville,2506,19602,,44,279,55,Active,,,https://www.redfin.com/NY/Loudonville/9-Sterling-Rdg-12211/home/185010089,Global MLS,202422129,N,Y,42.715451,-73.730352
MLS Listing,,Single Family Residential,16 Gregory Ln,Loudonville,NY,12211,474000,3,2.5,Loudonville,1652,24829,1960,44,287,,Active,,,https://www.redfin.com/NY/Albany/16-Gregory-Ln-12211/home/106361480,Global MLS,202422069,N,Y,42.7100092,-73.7520799
MLS Listing,,Single Family Residential,7 Stoneridge Dr,Loudonville,NY,12211,3500000,4,5.5,Loudonville,5440,67953,2013,45,643,,Active,,,https://www.redfin.com/NY/Albany/7-Stoneridge-Dr-12211/home/98026217,Global MLS,202422047,N,Y,42.72424,-73.735322
MLS Listing,,Multi-Family (2-4 Unit),56 Alexander St,Albany,NY,12202,269900,6,3.0,Albany,2415,2178,1910,45,112,,Active,,,https://www.redfin.com/NY/Albany/56-Alexander-St-12202/home/106356264,Global MLS,202422008,N,Y,42.6404059,-73.760921
MLS Listing,,Vacant Land,24 Myrtle Ave,Albany,NY,12202,28000,,,Albany,,2613,,46,,,Active,,,https://www.redfin.com/NY/Albany/24-Myrtle-Ave-12202/home/106380268,Global MLS,202421933,N,Y,42.6447502,-73.7591255
MLS Listing,,Multi-Family (2-4 Unit),424-426 Hudson Ave,Albany,NY,12203,319000,6,2.0,Albany,,4356,1910,47,,,Active,,,https://www.redfin.com/NY/Albany/424-426-Hudson-Ave-12203/home/191761243,Global MLS,202421910,N,Y,42.660013,-73.7776019
MLS Listing,,Multi-Family (2-4 Unit),22 Yardboro Ave,Albany,NY,12205,245000,4,2.0,Albany,1828,3049,1928,47,134,,Active,,,https://www.redfin.com/NY/Albany/22-Yardboro-Ave-12205/home/106351450,Global MLS,202421909,N,Y,42.6880822,-73.8004693
MLS Listing,,Single Family Residential,57 Grandview Ter,Albany,NY,12202,168000,3,2.0,Albany,1353,3049,1932,49,124,,Active,,,https://www.redfin.com/NY/Albany/57-Grandview-Ter-12202/home/106349644,Global MLS,202415010,N,Y,42.6396268,-73.7668166
MLS Listing,,Multi-Family (2-4 Unit),1 Myrtle Ave,Albany,NY,12202,323000,6,3.0,Albany,3480,1306,1860,49,93,,Active,,,https://www.redfin.com/NY/Albany/1-Myrtle-Ave-12202/home/98033576,Global MLS,202421824,N,Y,42.6445409,-73.7581811
MLS Listing,,Single Family Residential,6 Pfeil Ave,Albany,NY,12205,269000,3,1.0,Albany,1500,13068,1941,50,179,,Active,,,https://www.redfin.com/NY/Albany/6-Pfeil-Ave-12205/home/97931413,Global MLS,202421773,N,Y,42.7008478,-73.7939321
MLS Listing,,Vacant Land,360 Church Rd,Albany,NY,12203,2390000,,,Albany,,9307029,,51,,,Active,,,https://www.redfin.com/NY/Albany/360-Church-Rd-12203/home/72450117,Global MLS,202421678,N,Y,42.674572,-73.857026
MLS Listing,,Multi-Family (2-4 Unit),314 Hudson Ave,Albany,NY,12210,569500,4,3.5,Center Square,2350,4791,1910,53,242,,Active,,,https://www.redfin.com/NY/Albany/314-Hudson-Ave-12210/home/97912432,Global MLS,202421498,N,Y,42.6528545,-73.7649885
MLS Listing,,Single Family Residential,678 Myrtle Ave,Albany,NY,12208,250000,5,1.5,Albany,1761,3920,1917,54,142,,Active,,,https://www.redfin.com/NY/Albany/678-Myrtle-Ave-12208/home/102019130,Global MLS,202421457,N,Y,42.6594437,-73.7851199
MLS Listing,,Single Family Residential,2 Charming Ln,Loudonville,NY,12211,240000,2,1.0,Loudonville,1140,15246,1950,55,211,,Active,,,https://www.redfin.com/NY/Albany/2-Charming-Ln-12211/home/72457282,Global MLS,202418916,N,Y,42.7064219,-73.7723542
MLS Listing,,Townhouse,216 Colonial Ave,Albany,NY,12208,450000,3,2.5,Albany,2826,3049,1989,56,159,293,Active,,,https://www.redfin.com/NY/Albany/216-Colonial-Ave-12208/home/102016802,Global MLS,202419422,N,Y,42.6593609,-73.8147157
MLS Listing,,Single Family Residential,10 Laurel Dr,Loudonville,NY,12211,589900,4,2.5,Loudonville,2400,16117,1967,57,246,,Active,,,https://www.redfin.com/NY/Albany/10-Laurel-Dr-12211/home/97941520,Global MLS,202421343,N,Y,42.7077393,-73.7619506
MLS Listing,,Single Family Residential,6 Briarwood Rd,Albany,NY,12211,389900,4,2.0,Albany,1933,10890,1955,57,202,,Active,,,https://www.redfin.com/NY/Albany/6-Briarwood-Rd-12211/home/72456918,Global MLS,202421320,N,Y,42.7240005,-73.7772741
MLS Listing,,Townhouse,150 Colonie St,Albany,NY,12210,188000,4,1.5,Albany,1572,1742,1985,58,120,,Active,,,https://www.redfin.com/NY/Albany/150-Colonie-St-12210/home/102014671,Global MLS,202421219,N,Y,42.6602788,-73.7524859
MLS Listing,,Single Family Residential,16 Villa Rd,Menands,NY,12204,349800,3,1.5,Menands,1863,12196,1900,59,188,,Active,,,https://www.redfin.com/NY/Albany/16-Villa-Ave-12203/home/72435354,Global MLS,202421069,N,Y,42.6696328,-73.7407313
MLS Listing,,Multi-Family (2-4 Unit),106 Mcalpin St,Albany,NY,12209,285000,4,2.0,Albany,2304,6098,1925,61,124,,Active,,,https://www.redfin.com/NY/Albany/106-McAlpin-St-12209/home/98008061,Global MLS,202420892,N,Y,42.6366887,-73.7841202
MLS Listing,,Multi-Family (5+ Unit),950 Washington Ave,Albany,NY,12203,899900,12,6.0,Albany,6360,8712,1950,61,141,,Active,,,https://www.redfin.com/NY/Albany/950-Washington-Ave-12203/home/106355609,Global MLS,202420880,N,Y,42.6730991,-73.7921413
MLS Listing,,Multi-Family (5+ Unit),948 Washington Ave,Albany,NY,12203,899900,12,6.0,Albany,6360,6969,1950,61,141,,Active,,,https://www.redfin.com/NY/Albany/948-Washington-Ave-12203/home/106357574,Global MLS,202420877,N,Y,42.6729773,-73.7919286
MLS Listing,,Multi-Family (2-4 Unit),582 3rd St,Albany,NY,12206,140000,4,2.0,Albany,1848,3049,1904,61,76,,Active,,,https://www.redfin.com/NY/Albany/582-3rd-St-12206/home/98011552,Global MLS,202419604,N,Y,42.6719767,-73.7752549
MLS Listing,,Single Family Residential,13 Crestwood Ct,Albany,NY,12208,224900,3,1.0,Albany,1185,5662,1950,62,190,,Active,,,https://www.redfin.com/NY/Albany/13-Crestwood-Ct-12208/home/97920525,Global MLS,202420820,N,Y,42.6516287,-73.8067919
MLS Listing,,Single Family Residential,471 Elk St,Albany,NY,12206,110000,2,1.0,Albany,1392,1742,1890,64,79,,Active,,,https://www.redfin.com/NY/Albany/471-Elk-St-12206/home/106388074,Global MLS,202420783,N,Y,42.6668118,-73.7725508
MLS Listing,,Single Family Residential,1290 Broadway,Menands,NY,12204,160000,3,1.0,Menands,1480,3484,1923,64,108,,Active,,,https://www.redfin.com/NY/Menands/1290-Broadway-12204/home/106357133,Global MLS,202420778,N,Y,42.6754948,-73.7363161
MLS Listing,,Multi-Family (2-4 Unit),544 Washington Ave,Albany,NY,12203,339000,5,3.0,Albany,2584,4791,1907,64,131,,Active,September-8-2024 12:30 PM,September-8-2024 02:00 PM,https://www.redfin.com/NY/Albany/544-Washington-Ave-12203/home/98032942,Global MLS,202418647,N,Y,42.6640964,-73.7765198
MLS Listing,,Multi-Family (2-4 Unit),497 Washington Ave,Albany,NY,12206,250000,2,1.0,Albany,,3920,1910,68,,,Active,,,https://www.redfin.com/NY/Albany/497-Washington-Ave-12206/home/148438694,Global MLS,202420376,N,Y,42.6634387,-73.774388
MLS Listing,,Vacant Land,167 3rd Ave,Albany,NY,12202,9900,,,Albany,,2613,,71,,,Active,,,https://www.redfin.com/NY/Albany/167-3rd-Ave-12202/home/106357548,Global MLS,202420133,N,Y,42.6419041,-73.765369
MLS Listing,,Townhouse,221 Jay St,Albany,NY,12210,464900,4,2.5,Albany,1714,1306,1852,71,271,,Active,,,https://www.redfin.com/NY/Albany/221-Jay-St-12210/home/102018469,Global MLS,202420368,N,Y,42.6541933,-73.7652844
MLS Listing,,Single Family Residential,172 S Pine Ave,Albany,NY,12208,295000,5,2.0,Albany,1391,3920,1926,73,212,,Active,,,https://www.redfin.com/NY/Albany/172-S-Pine-Ave-12208/home/106359968,Global MLS,202420164,N,Y,42.6606028,-73.8008418
MLS Listing,,Single Family Residential,3 Academy Rd,Albany,NY,12208,359000,6,3.5,Albany,2518,5662,1925,74,143,,Active,,,https://www.redfin.com/NY/Albany/3-Academy-Rd-12208/home/97932101,Global MLS,202420090,N,Y,42.6525512,-73.7853152
MLS Listing,,Single Family Residential,892 Lancaster St,Albany,NY,12203,279999,6,2.5,Albany,1730,4356,1911,74,162,,Active,,,https://www.redfin.com/NY/Albany/892-Lancaster-St-12203/home/106355377,Global MLS,202419664,N,Y,42.6699146,-73.7919209
MLS Listing,,Multi-Family (2-4 Unit),168 S Swan St,Albany,NY,12202,329000,4,2.0,Albany,2092,1742,1871,74,157,,Active,September-8-2024 11:00 AM,September-8-2024 12:30 PM,https://www.redfin.com/NY/Albany/168-S-Swan-St-12202/home/102019287,Global MLS,202418718,N,Y,42.6495226,-73.7642284
MLS Listing,,Multi-Family (2-4 Unit),815 Myrtle Ave,Albany,NY,12208,299999,6,2.0,Albany,2304,3049,1925,77,130,,Active,,,https://www.redfin.com/NY/Albany/815-Myrtle-Ave-12208/home/98012188,Global MLS,202419947,N,Y,42.6626167,-73.7897273
MLS Listing,,Multi-Family (5+ Unit),133 South Lake Ave,Albany,NY,12210,1100000,8,7.0,Albany,,25264,1900,78,,,Active,,,https://www.redfin.com/NY/Albany/133-S-Lake-Ave-12208/home/191300169,Global MLS,202419938,N,Y,42.6553956,-73.7807138
MLS Listing,,Vacant Land,611 Krumkill Rd,Albany,NY,12203,800000,,,Albany,,1815145,,78,,,Active,,,https://www.redfin.com/NY/Albany/611-Krumkill-Rd-12203/home/106372289,Global MLS,202419908,N,Y,42.6675344,-73.8618221
MLS Listing,,Single Family Residential,24 Thatcher St,Albany,NY,12207,550000,3,2.0,Albany,2036,8712,1951,78,270,,Active,,,https://www.redfin.com/NY/Albany-C/24-Thatcher-St-12204/home/146088051,Global MLS,202419864,N,Y,42.66144,-73.743245
MLS Listing,,Vacant Land,553 Krumkill Rd,New Scotland,NY,12203,550000,,,New Scotland,,1245816,,80,,,Active,,,https://www.redfin.com/NY/Albany/553-Krumkill-Rd-12203/home/72470939,Global MLS,202419704,N,Y,42.6681359,-73.856747
MLS Listing,,Single Family Residential,174 Menands Rd,Loudonville,NY,12211,649900,4,2.0,Loudonville,2541,43560,1880,80,256,,Active,,,https://www.redfin.com/NY/Albany/174-Menands-Rd-12211/home/72447819,Global MLS,202419672,N,Y,42.7018573,-73.7465348
MLS Listing,,Single Family Residential,10 Marion Ave,Albany,NY,12203,625000,4,3.5,Albany,2448,11325,1938,82,255,,Active,,,https://www.redfin.com/NY/Albany/10-Marion-Ave-12203/home/103751059,Global MLS,202419536,N,Y,42.6670498,-73.7984725
MLS Listing,,Multi-Family (2-4 Unit),246 1st St,Albany,NY,12206,199000,4,2.0,Arbor Hill,1860,1306,1872,85,107,,Active,,,https://www.redfin.com/NY/Albany/246-1st-St-12206/home/98006580,Global MLS,202419394,N,Y,42.6617401,-73.7612853
MLS Listing,,Multi-Family (5+ Unit),30 Pine Ln,Albany,NY,12203,5600000,28,28.0,Albany,24440,94089,2023,86,229,,Active,,,https://www.redfin.com/NY/Albany/30-Pine-Ln-12203/home/106356209,Global MLS,202414960,N,Y,42.6969697,-73.8572186
MLS Listing,,Multi-Family (5+ Unit),611 & 620 N Pearl St,Albany,NY,12204,2995000,30,20.0,Albany,12696,21780,1932,87,236,,Active,,,https://www.redfin.com/NY/Menands/611-N-Pearl-St-12204/home/106358162,Global MLS,202419258,N,Y,42.6739547,-73.7387527
MLS Listing,,Single Family Residential,547 Morris St,Albany,NY,12208,199900,5,2.0,Albany,1450,2178,1910,87,138,,Active,,,https://www.redfin.com/NY/Albany/547-Morris-St-12208/home/97968874,Global MLS,202419248,N,Y,42.661252,-73.7859012
MLS Listing,,Single Family Residential,16 1/2 Knapp Ter,Albany,NY,12205,350000,4,2.0,Albany,1978,5227,1892,90,177,,Active,,,https://www.redfin.com/NY/Albany/16-Knapp-Ter-12205/home/106381639,Global MLS,202418409,N,Y,42.693912,-73.8033402
MLS Listing,,Single Family Residential,118 Old Niskayuna Rd,Loudonville,NY,12211,876000,4,3.5,Loudonville,2775,23958,2024,93,316,,Active,,,https://www.redfin.com/NY/Albany/118-Old-Niskayuna-Rd-12211/home/72441927,Global MLS,202418899,N,Y,42.719689,-73.770436
MLS Listing,,Single Family Residential,59 Virginia Ave,Colonie,NY,12205,310000,3,1.0,Colonie,1280,25700,1936,93,242,,Active,,,https://www.redfin.com/NY/Albany/59-Virginia-Ave-12205/home/98005406,Global MLS,202418894,N,Y,42.7375367,-73.8650626
MLS Listing,,Multi-Family (2-4 Unit),559 3rd St,Albany,NY,12206,100000,4,2.0,Albany,1932,3484,1890,94,52,,Active,,,https://www.redfin.com/NY/Albany/559-3rd-St-12206/home/98032653,Global MLS,202418749,N,Y,42.6716062,-73.7739682
MLS Listing,,Single Family Residential,14 Cuyler St,Albany,NY,12202,120000,3,1.0,Albany,800,1742,1935,94,150,,Active,,,https://www.redfin.com/NY/Albany/14-Cuyler-St-12202/home/97996625,Global MLS,202418742,N,Y,42.6398344,-73.7640901
MLS Listing,,Single Family Residential,3 Jeffrey Ln,Loudonville,NY,12211,399800,3,2.0,Loudonville,1100,10890,1952,96,363,,Active,,,https://www.redfin.com/NY/Albany/3-Jeffrey-Ln-12211/home/72456865,Global MLS,202418499,N,Y,42.7231702,-73.7779321
MLS Listing,,Multi-Family (2-4 Unit),461 Hamilton St,Albany,NY,12203,279900,8,2.0,Albany,2080,3920,1900,97,135,,Active,,,https://www.redfin.com/NY/Albany/461-Hamilton-St-12203/home/102013398,Global MLS,202416421,N,Y,42.6607284,-73.7795205
MLS Listing,,Multi-Family (2-4 Unit),394 Hamilton St,Albany,NY,12210,529000,3,3.0,Albany,2214,2178,1871,98,239,,Active,,,https://www.redfin.com/NY/Albany/394-Hamilton-St-12210/home/98032955,Global MLS,202418459,N,Y,42.6527428,-73.7663062
MLS Listing,,Single Family Residential,7 Hills Rd,Albany,NY,12211,1125000,4,4.0,Albany,3844,56628,1951,99,293,,Active,,,https://www.redfin.com/NY/Albany/7-Hills-Rd-12211/home/97950835,Global MLS,202416779,N,Y,42.7219367,-73.7707503
MLS Listing,,Single Family Residential,143 Manning Blvd,Albany,NY,12203,525000,4,2.5,Albany,3919,17424,1911,100,134,,Active,September-8-2024 12:00 PM,September-8-2024 02:00 PM,https://www.redfin.com/NY/Albany/143-Manning-Blvd-12203/home/102018718,Global MLS,202418312,N,Y,42.6714321,-73.7906717
MLS Listing,,Single Family Residential,319 Partridge St,Albany,NY,12208,245000,9,2.0,Albany,2344,6534,1864,100,105,,Active,,,https://www.redfin.com/NY/Albany/319-Partridge-St-12208/home/106355635,Global MLS,202416939,N,Y,42.6589453,-73.7870157
MLS Listing,,Multi-Family (2-4 Unit),221 Western Ave,Albany,NY,12203,289000,7,3.0,Albany,,1742,1890,103,,,Active,,,https://www.redfin.com/NY/Albany/221-Western-Ave-12203/home/105468878,Global MLS,202413870,N,Y,42.6621363,-73.7774561
MLS Listing,,Multi-Family (2-4 Unit),158 Western Ave,Albany,NY,12203,319898,3,3.0,Albany,2422,3049,1895,106,132,,Active,,,https://www.redfin.com/NY/Albany/158-Western-Ave-12203/home/106369158,Global MLS,202417955,N,Y,42.6609829,-73.7753073
MLS Listing,,Multi-Family (2-4 Unit),4 New Scotland Ave,Albany,NY,12208,299000,6,3.0,Albany,,1306,1930,106,,,Active,,,https://www.redfin.com/NY/Albany/4-New-Scotland-Ave-12208/home/106368448,Global MLS,202415547,N,Y,42.654434,-73.7723215
MLS Listing,,Vacant Land,,Albany,NY,12202,80000,,,,,8276,,107,,,Active,,,https://www.redfin.com/NY/Albany/Undisclosed-address-12202/home/106386905,Global MLS,202417892,N,Y,42.644736,-73.753822
MLS Listing,,Multi-Family (2-4 Unit),645 Myrtle Ave,Albany,NY,12208,249000,6,2.0,Albany,,2613,1900,107,,,Active,,,https://www.redfin.com/NY/Albany/645-Myrtle-Ave-12208/home/98008832,Global MLS,202417880,N,Y,42.6588522,-73.7832425
MLS Listing,,Single Family Residential,122 Spring Rd,Loudonville,NY,12211,904000,4,2.5,Loudonville,3129,65340,,110,289,55,Active,,,https://www.redfin.com/NY/Loudonville/122-Spring-Street-Rd-12211/home/190862102,Global MLS,202417638,N,Y,42.714556,-73.729631
MLS Listing,,Multi-Family (2-4 Unit),442 Clinton Ave,Albany,NY,12206,250000,6,4.0,Albany,2388,1306,1972,113,105,,Active,,,https://www.redfin.com/NY/Albany/442-Clinton-Ave-12206/home/98009344,Global MLS,202417537,N,Y,42.6630278,-73.7656689
MLS Listing,,Single Family Residential,34 Buchanan St,Albany,NY,12206,229000,3,1.5,Albany,1588,2613,1900,120,144,,Active,,,https://www.redfin.com/NY/Albany/34-Buchanan-St-12206/home/106372758,Global MLS,202417044,N,Y,42.672637,-73.7867055
MLS Listing,,Multi-Family (2-4 Unit),35 Marshall St,Albany,NY,12209,249900,6,2.0,Albany,2010,2613,1910,120,124,,Active,,,https://www.redfin.com/NY/Albany/35-Marshall-St-12209/home/98008074,Global MLS,202417029,N,Y,42.6407748,-73.779589
MLS Listing,,Single Family Residential,7 Sterling Ridge Rdg,Loudonville,NY,12211,637800,3,2.0,Loudonville,1929,21780,,122,331,55,Active,,,https://www.redfin.com/NY/Loudonville/7-Sterling-Rdg-12211/home/187619480,Global MLS,202416796,N,Y,42.715129,-73.730305
MLS Listing,,Multi-Family (2-4 Unit),471 Hamilton St,Albany,NY,12203,299900,7,2.0,Albany,2432,2613,1910,127,123,,Active,,,https://www.redfin.com/NY/Albany/471-Hamilton-St-12203/home/102016182,Global MLS,202416503,N,Y,42.6608856,-73.7799034
MLS Listing,,Multi-Family (2-4 Unit),721 State St,Albany,NY,12203,279900,7,2.0,Albany,2072,1742,1929,128,135,,Active,,,https://www.redfin.com/NY/Albany/721-State-St-12203/home/98014687,Global MLS,202416422,N,Y,42.6640558,-73.7780761
MLS Listing,,Single Family Residential,457 Hamilton St,Albany,NY,12203,179900,4,1.0,Albany,1298,2613,1890,129,139,,Active,,,https://www.redfin.com/NY/Albany/457-Hamilton-St-12203/home/97929217,Global MLS,202416332,N,Y,42.6605985,-73.7794349
MLS Listing,,Single Family Residential,452 Hamilton St,Albany,NY,12203,249900,4,1.5,Albany,1380,2178,1930,129,181,,Active,,,https://www.redfin.com/NY/Albany/452-Hamilton-St-12203/home/105276326,Global MLS,202416331,N,Y,42.6603004,-73.7797178
MLS Listing,,Single Family Residential,8 Shelbourne Dr,Loudonville,NY,12211,924900,5,3.0,Loudonville,3950,24829,2001,129,234,22,Active,,,https://www.redfin.com/NY/Albany/8-Shelbourne-Dr-12211/home/72461103,Global MLS,202416292,N,Y,42.715881,-73.7323522
MLS Listing,,Single Family Residential,2 Douglas Ln,Loudonville,NY,12211,2195000,5,7.0,Loudonville,6788,95832,1980,129,323,,Active,,,https://www.redfin.com/NY/Albany/2-Douglas-Ln-12211/home/97993051,Global MLS,202416257,N,Y,42.6865976,-73.7510873
MLS Listing,,Multi-Family (5+ Unit),36 Spring St,Albany,NY,12210,624900,6,6.0,Albany,,2178,1899,130,,,Active,,,https://www.redfin.com/NY/Albany/36-Spring-St-12210/home/106384432,Global MLS,202416143,N,Y,42.6557799,-73.7631959
MLS Listing,,Single Family Residential,4 Shalimar Ct,Loudonville,NY,12211,1180000,6,5.5,Loudonville,5238,43560,1996,132,225,,Active,,,https://www.redfin.com/NY/Albany/4-Shalimar-Ct-12211/home/97991919,Global MLS,202415232,N,Y,42.7257922,-73.7743424
MLS Listing,,Single Family Residential,14 Mohawk St,Albany,NY,12204,155000,2,1.5,Albany,1920,1742,1890,135,81,,Active,,,https://www.redfin.com/NY/Albany/14-Mohawk-St-12204/home/106355342,Global MLS,202415872,N,Y,42.6692593,-73.7409827
MLS Listing,,Vacant Land,163 Ontario St,Albany,NY,12206,52500,,,Albany,,3484,,136,,,Active,,,https://www.redfin.com/NY/Albany/163-Ontario-St-12206/home/102014267,Global MLS,202415797,N,Y,42.6657247,-73.7769376
MLS Listing,,Multi-Family (5+ Unit),281 State St,Albany,NY,12210,600000,10,10.0,Albany,,10890,1859,139,,,Active,,,https://www.redfin.com/NY/Albany/281-State-St-12210/home/185100472,Global MLS,202329464,N,Y,42.6545048,-73.7612769
MLS Listing,,Single Family Residential,255 2nd St,Albany,NY,12206,84900,2,1.0,Albany,1210,3484,1872,140,70,,Active,,,https://www.redfin.com/NY/Albany/255-2nd-St-12206/home/97958554,Global MLS,202415028,N,Y,42.6634688,-73.7618859
MLS Listing,,Multi-Family (2-4 Unit),21 Myrtle Ave,Albany,NY,12202,299000,6,3.0,Mansion District,3600,21780,1880,141,83,,Active,,,https://www.redfin.com/NY/Albany/21-Myrtle-Ave-12202/home/98033374,Global MLS,202414539,N,Y,42.6448806,-73.7587916
MLS Listing,,Multi-Family (5+ Unit),570 Western Ave,Albany,NY,12203,2190000,25,25.0,Albany,,8712,1925,142,,,Active,,,https://www.redfin.com/NY/Albany/570-Western-Ave-12203/home/106372976,Global MLS,202415475,N,Y,42.6670887,-73.7946931
MLS Listing,,Multi-Family (2-4 Unit),253 Quail St,Albany,NY,12203,289900,3,3.0,Albany,2208,871,1889,142,131,,Active,,,https://www.redfin.com/NY/Albany/253-Quail-St-12203/home/106386519,Global MLS,202415430,N,Y,42.6600127,-73.7795357
MLS Listing,,Multi-Family (5+ Unit),38 S Main Ave,Albany,NY,12208,2557000,22,21.0,Albany,,7405,1935,143,,,Active,,,https://www.redfin.com/NY/Albany/38-S-Main-Ave-12208/home/106352574,Global MLS,202415398,N,Y,42.6626095,-73.7905775
MLS Listing,,Single Family Residential,4 Delia St,Loudonville,NY,12211,672900,4,2.5,Loudonville,2681,8712,,155,251,,Active,,,https://www.redfin.com/NY/Albany/4-Delia-St-12211/home/190033589,Global MLS,202414701,N,Y,42.7116829,-73.7810786
MLS Listing,,Vacant Land,26 & 30 Willow St,Albany,NY,12206,100000,,,Albany,,8276,,159,,,Active,,,https://www.redfin.com/NY/Albany/26-Willow-St-12206/home/190351853,Global MLS,202414445,N,Y,42.673332,-73.7835343
MLS Listing,,Vacant Land,543 2nd St St,Albany,NY,12206,8000,,,Albany,,1742,,160,,,Active,,,https://www.redfin.com/NY/Albany/543-2nd-St-12206/home/106386323,Global MLS,202413993,N,Y,42.6698987,-73.7729507
MLS Listing,,Single Family Residential,6 Madison Pl,Albany,NY,12202,729000,5,3.0,Albany,5090,2613,1846,160,143,,Active,,,https://www.redfin.com/NY/Albany/6-Madison-Pl-12202/home/106365869,Global MLS,202414399,N,Y,42.6469822,-73.7588425
MLS Listing,,Single Family Residential,43 Osborne Rd,Albany,NY,12205,214900,3,1.0,Albany,1024,7405,1926,160,210,,Active,,,https://www.redfin.com/NY/Albany/43-Osborne-Rd-12205/home/72467744,Global MLS,202414375,N,Y,42.6929544,-73.7985417
MLS Listing,,Multi-Family (2-4 Unit),49 Ontario St,Albany,NY,12206,100000,4,2.0,Albany,2176,2613,1904,163,46,,Active,,,https://www.redfin.com/NY/Albany/49-Ontario-St-12206/home/98010802,Global MLS,202414247,N,Y,42.670156,-73.7723542
MLS Listing,,Multi-Family (2-4 Unit),227 S Swan St,Albany,NY,12202,150000,2,2.0,Albany,1249,1742,1870,163,120,,Active,,,https://www.redfin.com/NY/Albany/227-S-Swan-St-12202/home/98007364,Global MLS,202414246,N,Y,42.6437657,-73.7678436
MLS Listing,,Multi-Family (2-4 Unit),356 2nd St,Albany,NY,12206,99900,4,2.0,Albany,2028,2613,1910,183,49,,Active,,,https://www.redfin.com/NY/Albany/356-2nd-St-12206/home/106368875,Global MLS,202329098,N,Y,42.6654483,-73.7660042
MLS Listing,,Vacant Land,563 S Pearl St,Albany,NY,12202,65000,,,Albany,,10454,,197,,,Active,,,https://www.redfin.com/NY/Albany/563-S-Pearl-St-12202/home/106357637,Global MLS,202412475,N,Y,42.6338985,-73.7638509
MLS Listing,,Multi-Family (5+ Unit),160 Myrtle Ave,Albany,NY,12202,14500000,42,77.0,Albany,57955,58370,2019,207,250,,Active,,,https://www.redfin.com/NY/Albany/160-Myrtle-Ave-12202/home/171045714,Global MLS,202412008,N,Y,42.6482502,-73.7656447
MLS Listing,,Multi-Family (5+ Unit),99 Pine St,Albany,NY,12207,5800000,41,41.0,Albany,,28314,1880,229,,,Active,,,https://www.redfin.com/NY/Albany/99-Pine-St-12207/home/177355237,Global MLS,202410932,N,Y,42.65114,-73.7511986
MLS Listing,,Single Family Residential,1 Plum Ln,Guilderland,NY,12203,788800,4,3.5,Guilderland,3033,42253,,240,260,,Active,,,https://www.redfin.com/NY/Guilderland/1-Plum-LN-12084/home/189138225,Global MLS,202410439,N,Y,42.683941,-73.872039
MLS Listing,,Vacant Land,32 Hills Rd,Loudonville,NY,12211,275000,,,Loudonville,,43560,,279,,,Active,,,https://www.redfin.com/NY/Albany/32-Hills-Rd-12211/home/72467383,Global MLS,202329043,N,Y,42.7209389,-73.7664556
MLS Listing,,Single Family Residential,368 Elk St,Albany,NY,12206,100000,3,1.0,Albany,1040,1742,1901,282,96,,Active,,,https://www.redfin.com/NY/Albany/368-Elk-St-12206/home/106376527,Global MLS,202328679,N,Y,42.6633091,-73.7689838
MLS Listing,,Single Family Residential,34 Raymo St,Albany,NY,12209,120000,3,1.0,Albany,1147,2613,1891,296,105,,Active,,,https://www.redfin.com/NY/Albany/34-Raymo-St-12209/home/106373942,Global MLS,202328018,N,Y,42.640492,-73.7758857
MLS Listing,,Multi-Family (2-4 Unit),13 Dana Ave,Albany,NY,12208,429000,3,2.0,Albany,,2178,1880,299,,,Active,,,https://www.redfin.com/NY/Albany/13-Dana-Ave-12208/home/185010150,Global MLS,202328248,N,Y,42.6524211,-73.7689989
MLS Listing,,Single Family Residential,23 Marion Ave,Albany,NY,12203,950000,5,3.5,Albany,4500,8712,1930,316,211,,Active,,,https://www.redfin.com/NY/Albany/23-Marion-Ave-12203/home/97919020,Global MLS,202327313,N,Y,42.6655494,-73.799164
MLS Listing,,Vacant Land,74 - 84 Livingston Ave,Albany,NY,12207,349800,,,Albany,,21780,,345,,,Active,,,https://www.redfin.com/NY/Albany/84-Livingston-Ave-12207/home/106387126,Global MLS,202325575,N,Y,42.657964,-73.749138
MLS Listing,,Multi-Family (2-4 Unit),45 S Pine Ave,Albany,NY,12208,450000,8,2.0,Albany,,5227,1907,360,,,Active,,,https://www.redfin.com/NY/Albany/45-S-Pine-Ave-12208/home/98006569,Global MLS,202324688,N,Y,42.6656345,-73.7947097
MLS Listing,,Multi-Family (2-4 Unit),497 Yates St,Albany,NY,12208,425000,8,2.0,Albany,,2613,1867,360,,,Active,,,https://www.redfin.com/NY/Albany/497-Yates-St-12208/home/102016044,Global MLS,202324687,N,Y,42.6604335,-73.7830956
MLS Listing,,Multi-Family (2-4 Unit),1 Kent St,Albany,NY,12206,425000,8,2.0,Albany,,3049,1905,360,,,Active,,,https://www.redfin.com/NY/Albany/1-Kent-St-12206/home/98012863,Global MLS,202324678,N,Y,42.6664149,-73.7765407
MLS Listing,,Multi-Family (5+ Unit),3 Elberon Pl,Albany,NY,12203,2600000,26,16.0,Albany,,2613,1890,362,,,Active,,,https://www.redfin.com/NY/Albany/3-Elberon-Pl-12203/home/106356015,Global MLS,202324540,N,Y,42.6600274,-73.7758655
MLS Listing,,Multi-Family (2-4 Unit),517 Washington Ave,Albany,NY,12206,459000,8,3.0,Albany,,2178,1905,362,,,Active,,,https://www.redfin.com/NY/Albany/517-Washington-Ave-12206/home/106377955,Global MLS,202324538,N,Y,42.6639828,-73.7753223
MLS Listing,,Multi-Family (2-4 Unit),629 Washington Ave,Albany,NY,12206,365000,16,2.0,Albany,,3920,1902,364,,,Active,,,https://www.redfin.com/NY/Albany/629-Washington-Ave-12206/home/98013482,Global MLS,202324457,N,Y,42.6666198,-73.7798257
MLS Listing,,Multi-Family (2-4 Unit),508 Morris St,Albany,NY,12208,310000,7,2.0,Albany,,2178,1892,390,,,Active,,,https://www.redfin.com/NY/Albany/508-Morris-St-12208/home/98014584,Global MLS,202322700,N,Y,42.6599518,-73.7843845
MLS Listing,,Multi-Family (2-4 Unit),498 Washington Ave,Albany,NY,12203,450000,11,3.0,Albany,,2178,1840,390,,,Active,,,https://www.redfin.com/NY/Albany/498-Washington-Ave-12203/home/98032592,Global MLS,202322694,N,Y,42.6630126,-73.7745877
MLS Listing,,Vacant Land,1791 Western Ave,Albany,NY,12203,249000,,,Albany,,252648,,423,,,Active,,,https://www.redfin.com/NY/Albany/1791-Western-Ave-12203/home/72458988,Global MLS,202320355,N,Y,42.6905267,-73.8662139
MLS Listing,,Multi-Family (2-4 Unit),136 Lancaster St,Albany,NY,12210,430000,4,4.0,Albany,4234,1306,1895,444,102,,Active,,,https://www.redfin.com/NY/Albany/136-Lancaster-St-12210/home/106379093,Global MLS,202319218,N,Y,42.6528538,-73.7623709
For-Sale-by-Owner Listing,,Single Family Residential,1022 Central Ave,Albany,NY,12205,995000,4,4.0,Albany,4000,,1953,11,249,,Active,,,https://www.redfin.com/NY/Albany/1022-Central-Ave-12205/home/192251551,Fizber.com,11541162,N,Y,42.6849607,-73.7960755
For-Sale-by-Owner Listing,,Single Family Residential,4 Sloan St,Albany,NY,12202,130000,2,1.0,Albany,700,,1890,53,186,,Active,,,https://www.redfin.com/NY/Albany/4-Sloan-St-12202/home/97926532,Fizber.com,11538755,N,Y,42.6400139,-73.763126
For-Sale-by-Owner Listing,,Single Family Residential,34 Wilshire Dr,Albany,NY,12205,429999,4,2.0,Colonie,2512,12196,1969,81,171,,Active,,,https://www.redfin.com/NY/Albany/34-Wilshire-Dr-12205/home/72465825,Fizber.com,11537246,N,Y,42.7381195,-73.8360481
For-Sale-by-Owner Listing,,Condo/Co-op,67 S Ferry St Apt 2,Albany,NY,12202,110000,2,1.0,Albany,,,1973,229,,,Active,,,https://www.redfin.com/NY/Albany/67-S-Ferry-St-12202/unit-2/home/190983849,Fizber.com,11507876,N,Y,42.6429256,-73.7550626
